-- phpMyAdmin SQL Dump
-- version 5.0.2
-- https://www.phpmyadmin.net/
--
-- Hôte : 127.0.0.1:3306
-- Généré le : mer. 18 nov. 2020 à 09:35
-- Version du serveur :  5.7.31
-- Version de PHP : 7.4.9

SET FOREIGN_KEY_CHECKS=0;
SET SQL_MODE = "NO_AUTO_VALUE_ON_ZERO";
START TRANSACTION;
SET time_zone = "+00:00";

--
-- Base de données : `menu_recursif`
--
CREATE DATABASE IF NOT EXISTS `menu_recursif` DEFAULT CHARACTER SET utf8 COLLATE utf8_general_ci;
USE `menu_recursif`;

-- --------------------------------------------------------

--
-- Structure de la table `articles`
--

DROP TABLE IF EXISTS `articles`;
CREATE TABLE IF NOT EXISTS `articles` (
                                          `idarticles` int(10) UNSIGNED NOT NULL AUTO_INCREMENT,
                                          `articles_title` varchar(150) NOT NULL,
                                          `articles_text` text NOT NULL,
                                          `articles_date` datetime DEFAULT CURRENT_TIMESTAMP,
                                          PRIMARY KEY (`idarticles`)
) ENGINE=InnoDB AUTO_INCREMENT=101 DEFAULT CHARSET=utf8;

--
-- Déchargement des données de la table `articles`
--

INSERT INTO `articles` (`idarticles`, `articles_title`, `articles_text`, `articles_date`) VALUES
(1, 'ridiculus mus. Donec dignissim magna a tortor.', 'Suspendisse tristique neque venenatis lacus. Etiam bibendum fermentum metus. Aenean sed pede nec ante blandit viverra. Donec tempus, lorem fringilla ornare placerat, orci lacus vestibulum lorem,', '2020-11-18 09:13:02'),
(2, 'nisl. Maecenas malesuada fringilla est. Mauris eu turpis.', 'Quisque ornare tortor at risus. Nunc ac sem ut dolor dapibus gravida. Aliquam tincidunt, nunc ac mattis ornare, lectus ante dictum mi, ac mattis velit justo nec ante. Maecenas mi felis, adipiscing', '2020-11-18 09:13:02'),
(3, 'sed, facilisis vitae, orci. Phasellus dapibus quam quis diam. Pellentesque', 'Integer aliquam adipiscing lacus. Ut nec urna et arcu imperdiet ullamcorper. Duis at lacus. Quisque purus sapien, gravida non, sollicitudin a, malesuada id, erat. Etiam vestibulum massa rutrum magna. Cras convallis convallis dolor. Quisque tincidunt pede ac urna. Ut tincidunt vehicula risus. Nulla eget metus eu erat semper rutrum. Fusce dolor quam, elementum at, egestas a, scelerisque sed, sapien. Nunc pulvinar arcu et pede. Nunc sed orci lobortis augue scelerisque mollis. Phasellus libero mauris, aliquam eu, accumsan sed, facilisis vitae, orci. Phasellus dapibus', '2020-11-18 09:13:02'),
(4, 'In at pede. Cras vulputate velit', 'Integer vulputate, risus a ultricies adipiscing, enim mi tempor lorem, eget mollis lectus pede et risus. Quisque libero lacus, varius et, euismod et, commodo at, libero. Morbi accumsan laoreet ipsum. Curabitur consequat, lectus sit amet luctus vulputate, nisi sem semper erat, in consectetuer ipsum nunc id enim. Curabitur massa. Vestibulum accumsan neque et nunc. Quisque ornare tortor at risus. Nunc ac sem ut dolor dapibus gravida. Aliquam tincidunt, nunc ac mattis ornare, lectus ante dictum mi, ac mattis velit justo nec ante. Maecenas mi felis, adipiscing fringilla, porttitor vulputate, posuere vulputate, lacus. Cras interdum.', '2020-11-18 09:13:02'),
(5, 'auctor, nunc nulla vulputate dui, nec tempus mauris erat', 'lacinia at, iaculis quis, pede. Praesent eu dui. Cum sociis natoque penatibus et magnis dis parturient montes, nascetur ridiculus mus. Aenean eget magna. Suspendisse tristique neque venenatis lacus. Etiam bibendum fermentum metus. Aenean sed pede nec ante blandit viverra. Donec tempus, lorem fringilla ornare placerat, orci lacus vestibulum lorem, sit amet ultricies sem magna nec quam. Curabitur vel lectus. Cum sociis natoque penatibus et magnis dis parturient montes, nascetur ridiculus mus. Donec dignissim magna a tortor. Nunc commodo auctor velit. Aliquam nisl. Nulla eu neque pellentesque massa lobortis ultrices. Vivamus rhoncus. Donec est. Nunc ullamcorper, velit in aliquet lobortis, nisi', '2020-11-18 09:13:02'),
(6, 'Nullam lobortis quam', 'ante. Maecenas mi felis, adipiscing fringilla, porttitor vulputate, posuere vulputate, lacus. Cras interdum. Nunc sollicitudin commodo ipsum. Suspendisse non leo. Vivamus nibh dolor, nonummy ac, feugiat non, lobortis quis, pede. Suspendisse dui. Fusce diam nunc, ullamcorper eu, euismod ac, fermentum vel, mauris. Integer sem elit, pharetra ut, pharetra sed, hendrerit a, arcu. Sed et libero. Proin mi. Aliquam gravida mauris ut mi. Duis', '2020-11-18 09:13:02'),
(7, 'In ornare sagittis felis. Donec tempor, est ac', 'nulla. In tincidunt congue turpis. In condimentum. Donec at arcu. Vestibulum ante ipsum primis in faucibus orci luctus et ultrices posuere cubilia Curae; Donec tincidunt. Donec vitae erat vel pede blandit congue. In scelerisque scelerisque dui. Suspendisse ac metus vitae velit egestas lacinia. Sed congue, elit sed consequat auctor, nunc', '2020-11-18 09:13:02'),
(8, 'risus. Nulla eget metus eu erat semper rutrum. Fusce', 'semper rutrum. Fusce dolor quam, elementum at, egestas a, scelerisque sed, sapien. Nunc pulvinar arcu et pede. Nunc sed orci', '2020-11-18 09:13:02'),
(9, 'dui. Fusce diam nunc, ullamcorper eu, euismod ac, fermentum vel,', 'commodo hendrerit. Donec porttitor tellus non magna. Nam ligula elit, pretium et, rutrum non, hendrerit id, ante. Nunc mauris sapien, cursus in, hendrerit consectetuer, cursus et, magna. Praesent interdum ligula eu enim.', '2020-11-18 09:13:02'),
(10, 'bibendum fermentum metus. Aenean sed', 'massa non ante bibendum ullamcorper. Duis cursus, diam at pretium aliquet, metus urna convallis erat, eget tincidunt dui', '2020-11-18 09:13:02'),
(11, 'In ornare sagittis', 'Curabitur egestas nunc sed libero. Proin sed turpis nec mauris blandit mattis. Cras eget nisi dictum augue malesuada malesuada. Integer id magna et ipsum cursus vestibulum. Mauris magna. Duis dignissim tempor arcu. Vestibulum ut eros non enim commodo hendrerit. Donec porttitor tellus non magna. Nam ligula elit, pretium et, rutrum non, hendrerit id, ante. Nunc mauris sapien, cursus in, hendrerit consectetuer, cursus et, magna. Praesent interdum ligula', '2020-11-18 09:13:03'),
(12, 'Nunc sed orci lobortis augue scelerisque mollis. Phasellus libero mauris,', 'Nulla tempor augue ac ipsum. Phasellus vitae mauris sit amet lorem semper auctor. Mauris vel turpis. Aliquam adipiscing lobortis risus. In mi pede, nonummy ut, molestie in, tempus eu, ligula. Aenean euismod mauris eu elit. Nulla facilisi. Sed neque. Sed eget lacus.', '2020-11-18 09:13:03'),
(13, 'orci, consectetuer euismod est', 'eget odio. Aliquam vulputate ullamcorper magna. Sed eu eros. Nam consequat dolor vitae dolor. Donec fringilla. Donec feugiat metus sit amet ante. Vivamus non lorem vitae odio sagittis semper. Nam tempor diam dictum sapien. Aenean massa. Integer vitae nibh. Donec est mauris, rhoncus id, mollis nec, cursus a, enim. Suspendisse aliquet, sem ut cursus luctus, ipsum leo', '2020-11-18 09:13:03'),
(14, 'a, arcu. Sed et libero. Proin', 'molestie. Sed id risus quis diam luctus lobortis. Class aptent taciti sociosqu ad litora torquent per conubia nostra, per inceptos hymenaeos. Mauris ut quam vel sapien imperdiet ornare. In faucibus. Morbi vehicula. Pellentesque tincidunt tempus risus. Donec egestas. Duis ac arcu. Nunc mauris. Morbi non sapien molestie orci tincidunt adipiscing. Mauris molestie pharetra nibh. Aliquam', '2020-11-18 09:13:03'),
(15, 'justo eu arcu.', 'molestie pharetra nibh. Aliquam ornare, libero at auctor ullamcorper, nisl arcu iaculis enim, sit amet ornare lectus justo eu arcu. Morbi sit amet massa. Quisque porttitor eros nec tellus. Nunc lectus pede, ultrices a, auctor non, feugiat nec, diam. Duis mi enim, condimentum eget, volutpat ornare, facilisis eget, ipsum. Donec sollicitudin adipiscing ligula. Aenean gravida nunc sed pede. Cum sociis natoque penatibus et magnis dis parturient montes, nascetur ridiculus mus. Proin vel arcu eu odio tristique pharetra. Quisque ac libero nec ligula consectetuer rhoncus. Nullam velit dui, semper et, lacinia vitae, sodales at, velit. Pellentesque ultricies', '2020-11-18 09:13:03'),
(16, 'ac facilisis facilisis, magna tellus faucibus leo, in', 'ac sem ut dolor dapibus gravida. Aliquam tincidunt, nunc ac mattis ornare, lectus ante dictum mi,', '2020-11-18 09:13:03'),
(17, 'Integer id', 'mi, ac mattis velit justo nec ante. Maecenas mi felis, adipiscing fringilla, porttitor vulputate, posuere vulputate, lacus. Cras interdum. Nunc sollicitudin commodo ipsum. Suspendisse non leo. Vivamus nibh dolor, nonummy ac, feugiat non, lobortis quis, pede. Suspendisse dui. Fusce diam nunc, ullamcorper eu, euismod ac, fermentum vel, mauris. Integer sem elit, pharetra ut, pharetra sed, hendrerit a, arcu. Sed et libero. Proin mi. Aliquam gravida mauris ut mi. Duis risus odio, auctor', '2020-11-18 09:13:03'),
(18, 'a purus. Duis elementum, dui quis', 'enim, condimentum eget, volutpat ornare, facilisis eget, ipsum. Donec sollicitudin adipiscing ligula. Aenean gravida nunc sed pede. Cum sociis natoque penatibus et magnis dis parturient montes, nascetur ridiculus mus. Proin', '2020-11-18 09:13:03'),
(19, 'egestas ligula. Nullam', 'Proin velit. Sed malesuada augue ut lacus. Nulla tincidunt, neque vitae semper egestas, urna justo faucibus lectus, a sollicitudin orci sem eget massa. Suspendisse eleifend. Cras sed leo. Cras vehicula aliquet libero. Integer in magna. Phasellus dolor elit, pellentesque a, facilisis non, bibendum sed, est. Nunc laoreet lectus quis massa. Mauris vestibulum, neque sed dictum eleifend, nunc risus varius orci, in consequat enim diam vel arcu. Curabitur ut odio vel est tempor bibendum. Donec felis orci, adipiscing', '2020-11-18 09:13:03'),
(20, 'mi, ac mattis velit justo nec ante.', 'ac risus. Morbi metus. Vivamus euismod urna. Nullam lobortis quam a felis ullamcorper viverra. Maecenas iaculis aliquet diam. Sed diam lorem, auctor quis, tristique ac, eleifend vitae, erat. Vivamus nisi. Mauris nulla.', '2020-11-18 09:13:03'),
(21, 'eget metus eu erat semper rutrum. Fusce', 'vitae velit egestas lacinia. Sed congue, elit sed consequat auctor, nunc nulla vulputate dui, nec tempus mauris erat eget ipsum. Suspendisse sagittis. Nullam vitae diam. Proin dolor. Nulla semper tellus id nunc interdum feugiat. Sed nec metus facilisis lorem tristique aliquet. Phasellus fermentum convallis ligula. Donec luctus aliquet odio. Etiam ligula tortor, dictum eu, placerat eget, venenatis a, magna. Lorem ipsum dolor sit amet, consectetuer adipiscing elit.', '2020-11-18 09:13:03'),
(22, 'ut odio vel est tempor bibendum.', 'Nunc mauris elit, dictum eu, eleifend nec, malesuada ut, sem. Nulla interdum. Curabitur dictum. Phasellus in felis. Nulla tempor augue ac ipsum. Phasellus vitae mauris sit amet lorem semper auctor. Mauris vel turpis. Aliquam adipiscing lobortis risus. In mi pede, nonummy ut, molestie in, tempus eu, ligula. Aenean euismod mauris eu elit. Nulla facilisi. Sed neque. Sed eget lacus. Mauris non dui nec urna suscipit nonummy. Fusce fermentum fermentum arcu. Vestibulum ante ipsum primis in faucibus orci luctus et ultrices posuere cubilia Curae; Phasellus ornare.', '2020-11-18 09:13:03'),
(23, 'dis parturient montes, nascetur', 'odio, auctor vitae, aliquet nec, imperdiet nec, leo. Morbi neque tellus, imperdiet non, vestibulum nec, euismod in, dolor. Fusce feugiat. Lorem ipsum dolor sit amet, consectetuer adipiscing elit. Aliquam auctor, velit eget laoreet posuere, enim nisl elementum purus, accumsan interdum libero dui nec', '2020-11-18 09:13:03'),
(24, 'luctus felis', 'lorem, eget mollis lectus pede et risus. Quisque libero lacus, varius et, euismod et, commodo at, libero. Morbi accumsan laoreet ipsum. Curabitur consequat, lectus sit amet luctus vulputate, nisi sem semper erat, in consectetuer ipsum nunc id enim. Curabitur massa. Vestibulum accumsan neque et nunc. Quisque ornare tortor at risus. Nunc ac sem ut dolor dapibus gravida. Aliquam tincidunt, nunc ac mattis ornare, lectus ante dictum mi, ac mattis velit justo nec ante. Maecenas mi felis, adipiscing fringilla, porttitor vulputate, posuere vulputate, lacus. Cras interdum. Nunc sollicitudin commodo ipsum.', '2020-11-18 09:13:03'),
(25, 'aliquet nec, imperdiet', 'Suspendisse aliquet molestie tellus. Aenean egestas hendrerit neque. In ornare sagittis felis. Donec tempor, est ac mattis semper, dui lectus rutrum urna, nec luctus felis purus ac tellus. Suspendisse sed dolor. Fusce mi lorem, vehicula et, rutrum eu, ultrices sit amet, risus. Donec nibh enim, gravida sit amet, dapibus id, blandit at, nisi. Cum sociis natoque penatibus et magnis dis parturient montes, nascetur ridiculus mus. Proin vel nisl. Quisque fringilla euismod enim. Etiam gravida molestie arcu. Sed eu nibh vulputate mauris sagittis placerat. Cras dictum ultricies ligula. Nullam enim. Sed nulla', '2020-11-18 09:13:03'),
(26, 'ultricies sem magna nec quam. Curabitur vel', 'Nulla interdum. Curabitur dictum. Phasellus in felis. Nulla tempor augue ac ipsum. Phasellus vitae mauris sit amet lorem semper auctor. Mauris vel turpis. Aliquam adipiscing lobortis risus. In mi pede, nonummy ut,', '2020-11-18 09:13:03'),
(27, 'sagittis. Nullam vitae diam. Proin', 'diam. Duis mi enim, condimentum eget, volutpat ornare, facilisis eget, ipsum. Donec sollicitudin adipiscing ligula. Aenean gravida nunc sed pede. Cum sociis natoque penatibus et magnis dis parturient montes, nascetur ridiculus mus. Proin vel arcu eu odio tristique pharetra. Quisque ac libero nec ligula consectetuer rhoncus. Nullam', '2020-11-18 09:13:03'),
(28, 'Phasellus dapibus quam quis diam. Pellentesque habitant', 'dui. Cras pellentesque. Sed dictum. Proin eget odio. Aliquam vulputate ullamcorper magna. Sed eu eros. Nam consequat dolor vitae dolor. Donec fringilla.', '2020-11-18 09:13:03'),
(29, 'eu eros. Nam consequat dolor vitae', 'semper tellus id nunc interdum feugiat. Sed nec metus facilisis lorem tristique aliquet. Phasellus fermentum convallis ligula. Donec luctus aliquet odio. Etiam ligula tortor, dictum eu, placerat eget, venenatis a, magna. Lorem ipsum dolor sit amet, consectetuer adipiscing elit. Etiam laoreet, libero et', '2020-11-18 09:13:03'),
(30, 'arcu. Nunc mauris. Morbi non sapien', 'et malesuada fames ac turpis egestas. Fusce aliquet magna a neque. Nullam ut nisi a odio semper cursus. Integer mollis. Integer tincidunt aliquam arcu. Aliquam ultrices iaculis odio. Nam interdum enim non nisi. Aenean', '2020-11-18 09:13:03'),
(31, 'molestie pharetra nibh. Aliquam ornare, libero at auctor ullamcorper, nisl', 'sodales elit erat vitae risus. Duis a mi fringilla mi lacinia mattis. Integer eu lacus. Quisque imperdiet, erat nonummy ultricies ornare, elit elit fermentum risus, at fringilla purus mauris', '2020-11-18 09:13:03'),
(32, 'Mauris molestie pharetra nibh. Aliquam', 'dolor vitae dolor. Donec fringilla. Donec feugiat metus sit amet ante. Vivamus non lorem vitae odio sagittis semper. Nam tempor diam dictum sapien. Aenean massa. Integer vitae nibh. Donec est mauris, rhoncus id, mollis nec, cursus a, enim. Suspendisse aliquet, sem ut cursus luctus, ipsum leo elementum sem, vitae aliquam eros turpis non enim. Mauris quis turpis vitae purus gravida sagittis. Duis gravida. Praesent eu nulla at sem molestie sodales. Mauris blandit enim consequat purus. Maecenas libero est, congue a, aliquet vel, vulputate eu, odio.', '2020-11-18 09:13:03'),
(33, 'erat. Vivamus nisi. Mauris nulla.', 'sit amet lorem semper auctor. Mauris vel turpis. Aliquam adipiscing lobortis risus. In mi pede, nonummy ut, molestie in, tempus eu, ligula. Aenean euismod mauris eu elit. Nulla facilisi. Sed neque. Sed eget lacus. Mauris non dui nec urna suscipit nonummy. Fusce', '2020-11-18 09:13:03'),
(34, 'luctus vulputate, nisi', 'pellentesque, tellus sem mollis dui, in sodales elit erat vitae risus. Duis a mi fringilla mi lacinia mattis. Integer eu lacus. Quisque imperdiet, erat nonummy ultricies ornare, elit elit fermentum risus, at fringilla purus mauris a nunc. In at pede. Cras vulputate velit eu sem. Pellentesque ut ipsum ac mi eleifend egestas. Sed pharetra, felis eget varius ultrices, mauris ipsum porta elit, a feugiat tellus lorem eu metus. In lorem. Donec elementum, lorem ut aliquam iaculis, lacus pede sagittis augue, eu tempor erat neque non quam. Pellentesque habitant', '2020-11-18 09:13:03'),
(35, 'ac, feugiat', 'magna sed dui. Fusce aliquam, enim nec tempus scelerisque, lorem ipsum sodales purus, in molestie tortor nibh sit amet orci. Ut sagittis lobortis mauris. Suspendisse aliquet molestie tellus. Aenean egestas hendrerit neque. In ornare sagittis felis. Donec tempor, est ac mattis semper, dui lectus rutrum urna, nec luctus felis purus ac tellus. Suspendisse sed dolor. Fusce mi lorem, vehicula et, rutrum eu, ultrices sit amet, risus. Donec nibh enim, gravida sit amet, dapibus id, blandit at, nisi. Cum sociis natoque', '2020-11-18 09:13:03'),
(36, 'senectus et netus et malesuada fames ac turpis egestas.', 'mi enim, condimentum eget, volutpat ornare, facilisis eget, ipsum. Donec sollicitudin adipiscing ligula. Aenean gravida nunc sed pede. Cum sociis natoque penatibus et magnis dis parturient montes, nascetur ridiculus mus. Proin vel arcu eu odio tristique pharetra. Quisque ac libero nec ligula consectetuer rhoncus. Nullam velit dui, semper et, lacinia vitae, sodales at, velit. Pellentesque ultricies dignissim lacus. Aliquam rutrum lorem ac risus. Morbi metus. Vivamus euismod urna. Nullam lobortis quam a felis ullamcorper viverra. Maecenas iaculis aliquet diam. Sed diam lorem, auctor quis, tristique ac, eleifend vitae, erat. Vivamus nisi. Mauris nulla. Integer urna.', '2020-11-18 09:13:03'),
(37, 'netus et malesuada', 'est ac facilisis facilisis, magna tellus faucibus leo, in lobortis tellus justo sit amet nulla. Donec non justo. Proin non massa non ante bibendum ullamcorper. Duis cursus, diam at pretium aliquet, metus urna convallis erat, eget tincidunt dui augue eu tellus. Phasellus elit pede, malesuada vel, venenatis vel, faucibus id, libero. Donec consectetuer mauris id sapien. Cras dolor dolor, tempus non, lacinia at, iaculis quis, pede. Praesent eu dui. Cum sociis', '2020-11-18 09:13:03'),
(38, 'ut eros non enim commodo hendrerit. Donec porttitor', 'In condimentum. Donec at arcu. Vestibulum ante ipsum primis in faucibus orci luctus et ultrices posuere cubilia Curae; Donec tincidunt. Donec vitae erat vel pede blandit congue. In scelerisque scelerisque dui. Suspendisse ac metus vitae velit egestas lacinia. Sed congue, elit sed consequat auctor, nunc nulla vulputate dui, nec tempus mauris erat eget ipsum. Suspendisse sagittis. Nullam vitae diam. Proin dolor. Nulla semper tellus id nunc interdum', '2020-11-18 09:13:03'),
(39, 'in, cursus et, eros. Proin', 'vitae, orci. Phasellus dapibus quam quis diam. Pellentesque habitant morbi tristique senectus et netus et malesuada fames ac turpis egestas. Fusce aliquet magna a neque. Nullam ut nisi a odio semper cursus. Integer mollis. Integer tincidunt aliquam arcu. Aliquam ultrices iaculis odio. Nam interdum enim non nisi. Aenean eget metus. In nec orci. Donec', '2020-11-18 09:13:03'),
(40, 'Vivamus sit amet', 'et malesuada fames ac turpis egestas. Aliquam fringilla cursus purus. Nullam scelerisque neque sed sem egestas blandit. Nam nulla magna, malesuada vel, convallis in,', '2020-11-18 09:13:03'),
(41, 'blandit viverra. Donec tempus, lorem fringilla ornare placerat, orci lacus', 'Cras pellentesque. Sed dictum. Proin eget odio. Aliquam vulputate ullamcorper magna. Sed eu eros. Nam consequat dolor vitae dolor. Donec fringilla. Donec feugiat metus sit amet ante. Vivamus non lorem vitae odio sagittis semper. Nam tempor diam dictum sapien. Aenean massa. Integer vitae nibh. Donec est mauris, rhoncus id, mollis nec, cursus a, enim. Suspendisse aliquet, sem ut cursus luctus, ipsum leo elementum sem, vitae aliquam eros turpis non enim. Mauris quis turpis vitae', '2020-11-18 09:13:03'),
(42, 'risus odio, auctor vitae, aliquet nec,', 'nec urna et arcu imperdiet ullamcorper. Duis at lacus. Quisque purus sapien, gravida non, sollicitudin a, malesuada id, erat. Etiam vestibulum massa rutrum magna. Cras convallis convallis dolor. Quisque tincidunt pede ac urna. Ut tincidunt vehicula risus. Nulla eget metus eu erat semper rutrum. Fusce dolor quam, elementum at, egestas a, scelerisque sed, sapien. Nunc pulvinar arcu et pede.', '2020-11-18 09:13:03'),
(43, 'fringilla mi lacinia', 'sit amet diam eu dolor egestas rhoncus. Proin nisl sem, consequat nec, mollis vitae, posuere at, velit. Cras lorem lorem, luctus ut, pellentesque eget, dictum placerat, augue. Sed molestie. Sed id risus quis diam luctus lobortis. Class aptent taciti sociosqu ad litora torquent per conubia nostra, per inceptos hymenaeos. Mauris ut quam vel sapien imperdiet ornare. In faucibus. Morbi vehicula. Pellentesque tincidunt tempus risus. Donec egestas. Duis', '2020-11-18 09:13:03'),
(44, 'non, luctus', 'Vivamus nisi. Mauris nulla. Integer urna. Vivamus molestie dapibus ligula. Aliquam erat volutpat. Nulla dignissim. Maecenas ornare egestas ligula. Nullam feugiat placerat velit. Quisque varius. Nam porttitor scelerisque neque. Nullam nisl. Maecenas malesuada', '2020-11-18 09:13:03'),
(45, 'pellentesque, tellus sem mollis dui, in sodales elit', 'Vivamus non lorem vitae odio sagittis semper. Nam tempor diam dictum sapien. Aenean massa. Integer vitae nibh. Donec est mauris, rhoncus id, mollis nec, cursus a,', '2020-11-18 09:13:03'),
(46, 'ullamcorper eu, euismod ac, fermentum', 'magna a neque. Nullam ut nisi a odio semper cursus. Integer mollis. Integer tincidunt aliquam arcu. Aliquam ultrices iaculis odio. Nam interdum enim non nisi. Aenean eget metus. In nec orci. Donec nibh. Quisque nonummy ipsum non arcu. Vivamus sit amet risus. Donec egestas. Aliquam nec enim. Nunc ut erat. Sed nunc est, mollis non, cursus non, egestas a, dui. Cras pellentesque. Sed dictum.', '2020-11-18 09:13:03'),
(47, 'justo. Praesent luctus.', 'ornare placerat, orci lacus vestibulum lorem, sit amet ultricies sem magna nec quam. Curabitur vel lectus. Cum sociis natoque penatibus et magnis dis parturient montes, nascetur ridiculus mus. Donec dignissim magna', '2020-11-18 09:13:03'),
(48, 'Donec feugiat metus sit amet ante.', 'Sed eu nibh vulputate mauris sagittis placerat. Cras dictum ultricies ligula. Nullam enim. Sed nulla ante, iaculis nec, eleifend non, dapibus rutrum, justo. Praesent luctus. Curabitur egestas nunc sed libero. Proin sed turpis nec mauris blandit mattis. Cras eget nisi dictum augue malesuada malesuada. Integer id magna', '2020-11-18 09:13:03'),
(49, 'ut lacus. Nulla tincidunt,', 'arcu. Morbi sit amet massa. Quisque porttitor eros nec tellus. Nunc lectus pede, ultrices a, auctor non, feugiat nec, diam. Duis mi enim, condimentum eget, volutpat ornare, facilisis eget, ipsum. Donec sollicitudin adipiscing ligula. Aenean gravida nunc sed pede. Cum sociis natoque penatibus et magnis dis', '2020-11-18 09:13:03'),
(50, 'Nunc ullamcorper, velit in aliquet lobortis, nisi', 'nisi sem semper erat, in consectetuer ipsum nunc id enim. Curabitur massa. Vestibulum accumsan neque et nunc. Quisque ornare tortor at risus. Nunc ac sem ut dolor dapibus gravida. Aliquam tincidunt, nunc ac mattis ornare, lectus ante dictum mi,', '2020-11-18 09:13:03'),
(51, 'iaculis, lacus pede sagittis augue, eu tempor erat neque', 'aliquam adipiscing lacus. Ut nec urna et arcu imperdiet ullamcorper. Duis at lacus. Quisque purus sapien, gravida non, sollicitudin a, malesuada id, erat. Etiam vestibulum massa rutrum magna. Cras convallis convallis dolor. Quisque tincidunt pede ac urna. Ut tincidunt vehicula risus. Nulla eget metus eu erat semper rutrum. Fusce dolor quam, elementum at, egestas a, scelerisque sed, sapien. Nunc pulvinar arcu', '2020-11-18 09:13:03'),
(52, 'Fusce diam nunc, ullamcorper eu, euismod ac, fermentum', 'Donec at arcu. Vestibulum ante ipsum primis in faucibus orci luctus et ultrices posuere cubilia Curae; Donec tincidunt. Donec vitae erat vel pede blandit congue. In scelerisque scelerisque dui. Suspendisse ac metus vitae velit egestas lacinia. Sed congue, elit sed consequat auctor, nunc nulla vulputate dui, nec tempus mauris erat eget ipsum. Suspendisse sagittis. Nullam vitae diam. Proin dolor. Nulla semper tellus id nunc interdum feugiat. Sed nec metus facilisis lorem tristique', '2020-11-18 09:13:03'),
(53, 'erat, in consectetuer ipsum nunc id enim. Curabitur', 'ut, nulla. Cras eu tellus eu augue porttitor interdum. Sed auctor odio a purus. Duis elementum, dui quis accumsan convallis, ante lectus convallis est, vitae sodales nisi magna sed dui. Fusce aliquam, enim nec tempus scelerisque, lorem ipsum sodales purus, in molestie tortor nibh sit amet orci. Ut sagittis lobortis mauris. Suspendisse aliquet molestie tellus. Aenean egestas hendrerit neque. In ornare sagittis felis. Donec tempor, est ac mattis semper, dui lectus rutrum urna, nec luctus felis purus ac tellus. Suspendisse sed dolor. Fusce mi lorem, vehicula et, rutrum eu, ultrices sit amet,', '2020-11-18 09:13:03'),
(54, 'lectus quis massa. Mauris vestibulum, neque', 'semper. Nam tempor diam dictum sapien. Aenean massa. Integer vitae nibh. Donec est mauris, rhoncus id,', '2020-11-18 09:13:03'),
(55, 'feugiat non, lobortis quis, pede. Suspendisse dui. Fusce', 'consectetuer mauris id sapien. Cras dolor dolor, tempus non, lacinia at, iaculis quis, pede. Praesent eu', '2020-11-18 09:13:03'),
(56, 'semper tellus id nunc interdum feugiat. Sed nec metus', 'consectetuer mauris id sapien. Cras dolor dolor, tempus non, lacinia at, iaculis quis, pede. Praesent eu dui. Cum sociis natoque penatibus et magnis dis parturient montes, nascetur ridiculus mus. Aenean eget magna. Suspendisse tristique neque venenatis lacus. Etiam bibendum fermentum metus. Aenean sed pede nec ante blandit viverra. Donec tempus, lorem fringilla ornare placerat, orci lacus vestibulum lorem, sit amet ultricies sem magna nec quam. Curabitur vel lectus. Cum sociis natoque penatibus et magnis dis parturient montes, nascetur ridiculus mus. Donec dignissim magna a tortor. Nunc commodo auctor velit. Aliquam nisl. Nulla eu neque pellentesque massa lobortis ultrices. Vivamus rhoncus.', '2020-11-18 09:13:03'),
(57, 'ullamcorper eu, euismod ac, fermentum vel, mauris.', 'augue ut lacus. Nulla tincidunt, neque vitae semper egestas, urna justo faucibus lectus, a sollicitudin orci sem eget massa. Suspendisse eleifend. Cras sed leo. Cras vehicula aliquet libero. Integer in magna. Phasellus dolor elit, pellentesque a, facilisis non, bibendum sed, est. Nunc laoreet lectus quis massa. Mauris vestibulum, neque sed dictum eleifend, nunc risus varius orci, in consequat enim diam vel arcu. Curabitur ut odio vel est tempor bibendum. Donec felis orci, adipiscing non, luctus sit amet, faucibus ut, nulla. Cras eu tellus', '2020-11-18 09:13:03'),
(58, 'quis lectus. Nullam suscipit, est ac facilisis', 'Aenean massa. Integer vitae nibh. Donec est mauris, rhoncus id, mollis nec, cursus a, enim. Suspendisse aliquet, sem ut cursus luctus, ipsum leo elementum sem, vitae aliquam eros turpis non enim. Mauris quis turpis vitae purus gravida sagittis. Duis gravida. Praesent eu nulla at sem molestie sodales. Mauris blandit enim consequat purus. Maecenas libero est, congue a, aliquet vel, vulputate eu, odio. Phasellus at augue id ante dictum cursus. Nunc mauris elit, dictum eu, eleifend nec, malesuada ut, sem. Nulla', '2020-11-18 09:13:03'),
(59, 'sed sem egestas blandit.', 'Vivamus rhoncus. Donec est. Nunc ullamcorper, velit in aliquet lobortis, nisi nibh lacinia orci, consectetuer euismod est arcu ac orci. Ut semper pretium neque. Morbi quis urna. Nunc quis arcu vel quam dignissim pharetra. Nam ac nulla. In tincidunt congue turpis. In condimentum. Donec at arcu. Vestibulum ante ipsum primis in faucibus orci luctus et ultrices posuere cubilia Curae; Donec tincidunt. Donec vitae erat vel pede blandit congue. In scelerisque scelerisque dui. Suspendisse ac metus vitae', '2020-11-18 09:13:03'),
(60, 'enim. Sed nulla', 'Phasellus in felis. Nulla tempor augue ac ipsum. Phasellus vitae mauris sit amet lorem semper auctor. Mauris vel turpis. Aliquam adipiscing lobortis risus. In mi pede, nonummy ut, molestie in, tempus eu, ligula. Aenean euismod mauris eu elit. Nulla facilisi. Sed neque. Sed eget lacus. Mauris non dui nec urna suscipit nonummy. Fusce fermentum fermentum arcu. Vestibulum ante ipsum primis', '2020-11-18 09:13:03'),
(61, 'faucibus id, libero. Donec consectetuer mauris id sapien. Cras dolor', 'blandit congue. In scelerisque scelerisque dui. Suspendisse ac metus vitae velit egestas lacinia. Sed congue, elit sed consequat auctor, nunc nulla vulputate dui, nec tempus mauris', '2020-11-18 09:13:03'),
(62, 'Ut nec', 'consequat, lectus sit amet luctus vulputate, nisi sem semper erat, in consectetuer ipsum nunc id enim. Curabitur massa. Vestibulum accumsan neque et nunc. Quisque ornare tortor at risus. Nunc ac sem ut dolor dapibus gravida. Aliquam tincidunt, nunc ac mattis ornare, lectus ante dictum mi, ac mattis velit justo nec ante. Maecenas', '2020-11-18 09:13:03'),
(63, 'consequat dolor vitae dolor. Donec fringilla.', 'Nullam feugiat placerat velit. Quisque varius. Nam porttitor scelerisque neque. Nullam nisl. Maecenas malesuada fringilla est. Mauris eu turpis. Nulla aliquet. Proin velit. Sed malesuada augue ut lacus. Nulla tincidunt, neque vitae semper', '2020-11-18 09:13:03'),
(64, 'ullamcorper. Duis at lacus.', 'urna. Ut tincidunt vehicula risus. Nulla eget metus eu erat semper rutrum. Fusce dolor quam, elementum at, egestas a, scelerisque sed, sapien. Nunc pulvinar arcu et pede. Nunc sed orci lobortis augue scelerisque mollis. Phasellus libero mauris, aliquam eu, accumsan sed, facilisis vitae, orci. Phasellus dapibus quam quis diam. Pellentesque habitant morbi tristique senectus et netus et malesuada fames ac turpis egestas. Fusce aliquet magna a neque. Nullam ut nisi a odio semper cursus. Integer mollis. Integer tincidunt aliquam arcu. Aliquam ultrices iaculis odio. Nam interdum enim non nisi. Aenean eget', '2020-11-18 09:13:03'),
(65, 'eget laoreet posuere, enim', 'in sodales elit erat vitae risus. Duis a mi fringilla mi lacinia mattis. Integer eu lacus. Quisque imperdiet, erat nonummy ultricies ornare,', '2020-11-18 09:13:03'),
(66, 'vel arcu. Curabitur ut odio vel', 'ligula. Nullam enim. Sed nulla ante, iaculis nec, eleifend non, dapibus rutrum, justo. Praesent luctus. Curabitur egestas nunc sed libero. Proin sed turpis nec mauris blandit mattis. Cras eget nisi dictum augue malesuada malesuada. Integer id magna et ipsum cursus vestibulum. Mauris magna. Duis dignissim tempor arcu. Vestibulum ut eros non enim commodo', '2020-11-18 09:13:03'),
(67, 'et tristique pellentesque, tellus sem mollis dui,', 'Vivamus sit amet risus. Donec egestas. Aliquam nec enim. Nunc ut erat. Sed nunc est, mollis non, cursus non, egestas a, dui. Cras pellentesque. Sed dictum. Proin eget odio. Aliquam vulputate ullamcorper magna. Sed eu eros. Nam consequat dolor vitae dolor. Donec fringilla.', '2020-11-18 09:13:03'),
(68, 'penatibus et magnis', 'eu eros. Nam consequat dolor vitae dolor. Donec fringilla. Donec feugiat metus sit amet ante. Vivamus non lorem vitae odio sagittis semper. Nam tempor diam dictum sapien. Aenean massa. Integer vitae nibh. Donec est mauris, rhoncus id, mollis nec, cursus a, enim. Suspendisse aliquet, sem ut cursus luctus, ipsum leo elementum sem, vitae aliquam eros turpis non enim. Mauris quis turpis vitae purus gravida sagittis. Duis gravida. Praesent eu nulla at sem molestie sodales. Mauris blandit', '2020-11-18 09:13:03'),
(69, 'fringilla est. Mauris', 'luctus et ultrices posuere cubilia Curae; Phasellus ornare. Fusce mollis. Duis sit amet diam eu dolor egestas rhoncus. Proin nisl sem, consequat', '2020-11-18 09:13:03'),
(70, 'ante bibendum ullamcorper. Duis', 'Nunc sed orci lobortis augue scelerisque mollis. Phasellus libero mauris, aliquam eu, accumsan sed, facilisis vitae, orci. Phasellus dapibus quam quis diam. Pellentesque habitant morbi tristique senectus et netus et malesuada fames ac turpis egestas. Fusce aliquet magna a neque. Nullam ut nisi a odio semper cursus. Integer mollis. Integer tincidunt aliquam arcu. Aliquam ultrices iaculis odio. Nam interdum enim non nisi. Aenean eget metus. In nec orci. Donec nibh. Quisque nonummy ipsum non arcu. Vivamus sit amet', '2020-11-18 09:13:03'),
(71, 'a odio semper', 'rutrum lorem ac risus. Morbi metus. Vivamus euismod urna. Nullam lobortis quam a felis ullamcorper viverra. Maecenas iaculis aliquet diam. Sed diam lorem, auctor quis, tristique ac, eleifend vitae, erat. Vivamus nisi. Mauris nulla. Integer urna. Vivamus molestie dapibus ligula. Aliquam erat volutpat. Nulla dignissim. Maecenas ornare', '2020-11-18 09:13:03'),
(72, 'gravida. Aliquam', 'consectetuer ipsum nunc id enim. Curabitur massa. Vestibulum accumsan neque et nunc. Quisque ornare tortor at risus. Nunc ac sem ut dolor dapibus gravida. Aliquam tincidunt, nunc ac mattis ornare, lectus ante dictum mi, ac mattis', '2020-11-18 09:13:03'),
(73, 'Nunc sed orci lobortis augue scelerisque mollis. Phasellus libero', 'vulputate, nisi sem semper erat, in consectetuer ipsum nunc id enim. Curabitur massa. Vestibulum accumsan neque et nunc. Quisque ornare tortor at risus. Nunc ac sem ut dolor dapibus gravida. Aliquam tincidunt, nunc ac mattis ornare, lectus ante dictum mi, ac mattis velit justo nec ante. Maecenas mi felis, adipiscing fringilla, porttitor vulputate, posuere vulputate, lacus. Cras interdum. Nunc sollicitudin commodo ipsum. Suspendisse non leo. Vivamus nibh dolor, nonummy', '2020-11-18 09:13:03'),
(74, 'dolor elit, pellentesque a, facilisis', 'dolor quam, elementum at, egestas a, scelerisque sed, sapien. Nunc pulvinar arcu et pede. Nunc sed orci lobortis augue scelerisque mollis. Phasellus libero mauris, aliquam eu, accumsan sed, facilisis vitae, orci. Phasellus dapibus quam', '2020-11-18 09:13:03'),
(75, 'orci sem eget massa. Suspendisse', 'sem elit, pharetra ut, pharetra sed, hendrerit a, arcu. Sed et libero. Proin mi. Aliquam gravida mauris ut mi. Duis risus odio, auctor vitae, aliquet nec, imperdiet', '2020-11-18 09:13:03'),
(76, 'eget metus.', 'Sed eget lacus. Mauris non dui nec urna suscipit nonummy. Fusce fermentum fermentum arcu. Vestibulum ante ipsum primis in faucibus orci luctus et ultrices posuere cubilia Curae; Phasellus ornare. Fusce mollis. Duis sit amet diam eu dolor egestas rhoncus. Proin nisl sem, consequat nec, mollis vitae, posuere at, velit. Cras lorem lorem, luctus ut, pellentesque eget, dictum placerat, augue. Sed molestie. Sed id', '2020-11-18 09:13:03'),
(77, 'metus. In lorem. Donec', 'laoreet lectus quis massa. Mauris vestibulum, neque sed dictum eleifend, nunc risus varius orci, in consequat enim diam vel arcu. Curabitur ut odio vel est tempor bibendum. Donec felis orci, adipiscing non, luctus sit amet, faucibus ut, nulla. Cras eu tellus eu augue porttitor interdum. Sed auctor odio a purus. Duis elementum, dui quis accumsan convallis,', '2020-11-18 09:13:03'),
(78, 'hendrerit. Donec porttitor tellus non', 'Phasellus in felis. Nulla tempor augue ac ipsum. Phasellus vitae mauris sit amet lorem semper auctor. Mauris vel turpis. Aliquam adipiscing lobortis risus. In mi pede, nonummy ut, molestie in, tempus eu, ligula. Aenean euismod mauris eu elit. Nulla facilisi.', '2020-11-18 09:13:03'),
(79, 'lectus sit', 'lacinia mattis. Integer eu lacus. Quisque imperdiet, erat nonummy ultricies ornare, elit elit fermentum risus, at fringilla purus mauris a nunc. In at pede. Cras vulputate velit', '2020-11-18 09:13:03'),
(80, 'mauris, aliquam', 'nulla vulputate dui, nec tempus mauris erat eget ipsum. Suspendisse sagittis. Nullam vitae diam. Proin dolor. Nulla semper tellus id nunc interdum feugiat. Sed nec metus facilisis lorem tristique aliquet. Phasellus fermentum convallis ligula. Donec luctus aliquet odio. Etiam ligula tortor, dictum eu, placerat eget, venenatis a, magna. Lorem ipsum dolor sit amet, consectetuer adipiscing elit. Etiam laoreet, libero et tristique pellentesque, tellus sem mollis dui, in sodales elit erat vitae risus. Duis a mi fringilla mi lacinia mattis. Integer eu lacus. Quisque imperdiet, erat nonummy ultricies ornare, elit elit fermentum risus, at fringilla purus mauris a nunc. In', '2020-11-18 09:13:03'),
(81, 'ipsum cursus vestibulum.', 'fringilla euismod enim. Etiam gravida molestie arcu. Sed eu nibh vulputate mauris sagittis placerat. Cras dictum ultricies ligula. Nullam enim. Sed nulla ante, iaculis nec, eleifend non, dapibus rutrum, justo. Praesent luctus. Curabitur egestas nunc sed libero. Proin sed turpis nec mauris blandit mattis. Cras', '2020-11-18 09:13:03'),
(82, 'bibendum fermentum', 'ultrices posuere cubilia Curae; Phasellus ornare. Fusce mollis. Duis sit amet diam eu dolor egestas rhoncus. Proin nisl sem, consequat nec, mollis vitae, posuere at, velit. Cras lorem lorem, luctus ut, pellentesque eget, dictum placerat, augue. Sed molestie. Sed id risus quis diam luctus lobortis. Class aptent taciti sociosqu ad litora torquent per conubia nostra, per inceptos hymenaeos. Mauris ut quam vel sapien imperdiet ornare. In faucibus. Morbi vehicula. Pellentesque tincidunt tempus risus. Donec egestas. Duis ac', '2020-11-18 09:13:03'),
(83, 'vitae, aliquet nec, imperdiet nec, leo. Morbi neque tellus, imperdiet', 'et, rutrum non, hendrerit id, ante. Nunc mauris sapien, cursus in, hendrerit consectetuer, cursus et, magna. Praesent interdum ligula eu enim. Etiam imperdiet dictum magna. Ut tincidunt orci quis lectus. Nullam suscipit, est', '2020-11-18 09:13:03'),
(84, 'a neque. Nullam', 'Nunc mauris. Morbi non sapien molestie orci tincidunt adipiscing. Mauris molestie pharetra nibh. Aliquam ornare, libero at auctor ullamcorper, nisl arcu iaculis enim, sit amet ornare lectus justo eu arcu. Morbi sit amet massa. Quisque', '2020-11-18 09:13:03'),
(85, 'dolor, tempus non, lacinia', 'hymenaeos. Mauris ut quam vel sapien imperdiet ornare. In faucibus. Morbi vehicula. Pellentesque tincidunt tempus risus. Donec egestas. Duis ac arcu. Nunc mauris. Morbi non sapien molestie orci', '2020-11-18 09:13:03'),
(86, 'porttitor tellus non magna. Nam ligula elit, pretium', 'Integer eu lacus. Quisque imperdiet, erat nonummy ultricies ornare, elit elit fermentum risus, at fringilla purus mauris a nunc. In at pede. Cras vulputate velit eu sem. Pellentesque ut ipsum ac mi eleifend egestas. Sed pharetra, felis eget varius ultrices, mauris ipsum porta elit, a feugiat tellus lorem eu metus. In lorem. Donec elementum, lorem ut aliquam iaculis, lacus pede sagittis augue, eu tempor erat neque non quam. Pellentesque habitant', '2020-11-18 09:13:03'),
(87, 'molestie. Sed id risus quis diam luctus lobortis.', 'erat volutpat. Nulla facilisis. Suspendisse commodo tincidunt nibh. Phasellus nulla. Integer vulputate, risus a ultricies adipiscing, enim mi tempor lorem, eget mollis lectus pede et risus. Quisque libero lacus, varius et, euismod et, commodo at, libero. Morbi accumsan laoreet ipsum. Curabitur consequat, lectus sit amet luctus vulputate, nisi sem semper erat, in consectetuer ipsum nunc id enim. Curabitur massa. Vestibulum accumsan neque et nunc. Quisque ornare tortor at risus. Nunc ac sem ut dolor dapibus gravida. Aliquam tincidunt, nunc ac mattis', '2020-11-18 09:13:03'),
(88, 'mus. Aenean eget magna. Suspendisse tristique neque', 'metus. In lorem. Donec elementum, lorem ut aliquam iaculis, lacus pede sagittis augue, eu tempor erat neque non quam. Pellentesque habitant morbi tristique senectus et netus et malesuada fames ac turpis egestas. Aliquam fringilla cursus', '2020-11-18 09:13:03'),
(89, 'amet orci.', 'ante. Maecenas mi felis, adipiscing fringilla, porttitor vulputate, posuere vulputate, lacus. Cras interdum. Nunc sollicitudin commodo ipsum. Suspendisse non leo. Vivamus nibh dolor, nonummy ac, feugiat non, lobortis quis, pede. Suspendisse dui. Fusce diam nunc, ullamcorper eu, euismod ac, fermentum vel, mauris. Integer sem elit, pharetra ut, pharetra sed, hendrerit a, arcu. Sed et libero. Proin mi. Aliquam gravida mauris ut mi. Duis risus odio, auctor vitae, aliquet nec, imperdiet nec, leo. Morbi neque', '2020-11-18 09:13:03'),
(90, 'id, mollis nec, cursus a,', 'Cras vehicula aliquet libero. Integer in magna. Phasellus dolor elit, pellentesque a, facilisis non, bibendum sed, est. Nunc laoreet lectus quis massa. Mauris vestibulum, neque sed dictum eleifend, nunc risus varius orci, in consequat enim diam vel arcu. Curabitur ut odio vel est tempor bibendum. Donec felis orci, adipiscing non, luctus sit amet, faucibus ut, nulla. Cras eu tellus eu augue porttitor interdum. Sed auctor', '2020-11-18 09:13:03'),
(91, 'pellentesque a,', 'tellus id nunc interdum feugiat. Sed nec metus facilisis lorem tristique aliquet. Phasellus fermentum convallis ligula. Donec luctus aliquet odio. Etiam ligula tortor, dictum eu, placerat eget, venenatis a, magna. Lorem ipsum dolor sit amet, consectetuer adipiscing elit. Etiam laoreet, libero et tristique pellentesque, tellus sem mollis dui, in sodales elit erat vitae risus. Duis a mi fringilla mi lacinia mattis. Integer eu lacus. Quisque imperdiet, erat nonummy ultricies ornare, elit elit fermentum risus, at fringilla purus mauris a nunc. In at pede. Cras vulputate velit eu sem. Pellentesque ut ipsum ac', '2020-11-18 09:13:03'),
(92, 'Nulla facilisis. Suspendisse commodo tincidunt nibh. Phasellus nulla.', 'magna tellus faucibus leo, in lobortis tellus justo sit amet nulla. Donec non justo. Proin non massa non ante bibendum ullamcorper. Duis cursus, diam at pretium aliquet, metus urna convallis erat, eget tincidunt dui augue eu tellus. Phasellus elit pede, malesuada vel, venenatis vel, faucibus id, libero. Donec consectetuer mauris id sapien. Cras dolor dolor, tempus non, lacinia at, iaculis quis, pede. Praesent eu dui. Cum sociis natoque penatibus et magnis dis parturient montes, nascetur ridiculus mus.', '2020-11-18 09:13:03'),
(93, 'aliquet magna a neque. Nullam ut nisi a odio semper', 'eleifend egestas. Sed pharetra, felis eget varius ultrices, mauris ipsum porta elit, a feugiat tellus lorem eu metus. In lorem. Donec elementum, lorem ut aliquam iaculis, lacus pede sagittis augue, eu tempor erat neque', '2020-11-18 09:13:03'),
(94, 'Nullam vitae diam. Proin dolor. Nulla', 'odio. Nam interdum enim non nisi. Aenean eget metus. In nec orci. Donec nibh. Quisque nonummy ipsum non arcu. Vivamus sit amet risus. Donec egestas. Aliquam nec enim. Nunc ut erat. Sed nunc est, mollis non, cursus non, egestas a, dui. Cras pellentesque. Sed dictum. Proin eget odio. Aliquam vulputate ullamcorper magna. Sed eu eros. Nam consequat dolor vitae dolor. Donec fringilla. Donec feugiat metus sit amet ante. Vivamus non lorem vitae odio sagittis semper. Nam tempor diam dictum sapien. Aenean massa. Integer vitae nibh. Donec est mauris, rhoncus', '2020-11-18 09:13:03'),
(95, 'ornare lectus justo eu', 'ac sem ut dolor dapibus gravida. Aliquam tincidunt, nunc ac mattis ornare, lectus ante dictum mi, ac mattis velit', '2020-11-18 09:13:03'),
(96, 'natoque penatibus', 'imperdiet ullamcorper. Duis at lacus. Quisque purus sapien, gravida non, sollicitudin a, malesuada id, erat. Etiam vestibulum massa rutrum magna. Cras convallis convallis dolor. Quisque tincidunt pede ac urna. Ut tincidunt vehicula risus. Nulla eget metus eu erat semper rutrum. Fusce dolor quam, elementum at,', '2020-11-18 09:13:03'),
(97, 'condimentum eget, volutpat ornare,', 'Fusce aliquam, enim nec tempus scelerisque, lorem ipsum sodales purus, in molestie tortor nibh sit amet orci. Ut sagittis lobortis mauris. Suspendisse aliquet molestie tellus. Aenean egestas hendrerit neque. In ornare sagittis felis. Donec tempor, est ac mattis semper, dui lectus rutrum urna, nec luctus felis purus ac tellus. Suspendisse sed dolor. Fusce mi lorem, vehicula et, rutrum eu, ultrices sit amet, risus. Donec nibh enim, gravida sit amet, dapibus id, blandit at, nisi. Cum sociis natoque', '2020-11-18 09:13:03'),
(98, 'orci luctus et ultrices', 'Quisque ornare tortor at risus. Nunc ac sem ut dolor dapibus gravida. Aliquam tincidunt, nunc ac mattis ornare, lectus ante dictum mi, ac mattis velit justo nec ante. Maecenas mi felis, adipiscing', '2020-11-18 09:13:03'),
(99, 'Quisque tincidunt pede ac urna. Ut tincidunt', 'luctus, ipsum leo elementum sem, vitae aliquam eros turpis non enim. Mauris quis turpis vitae purus gravida sagittis. Duis gravida. Praesent eu nulla at sem molestie sodales. Mauris blandit enim consequat purus. Maecenas libero est,', '2020-11-18 09:13:03'),
(100, 'dictum augue malesuada', 'tincidunt, neque vitae semper egestas, urna justo faucibus lectus, a sollicitudin orci sem eget massa. Suspendisse eleifend. Cras sed leo. Cras vehicula aliquet libero. Integer in magna. Phasellus dolor elit, pellentesque a, facilisis non, bibendum sed, est. Nunc laoreet', '2020-11-18 09:13:03');

-- --------------------------------------------------------

--
-- Structure de la table `articles_has_rubriques`
--

DROP TABLE IF EXISTS `articles_has_rubriques`;
CREATE TABLE IF NOT EXISTS `articles_has_rubriques` (
                                                        `articles_idarticles` int(10) UNSIGNED NOT NULL,
                                                        `rubriques_idrubriques` int(10) UNSIGNED NOT NULL,
                                                        PRIMARY KEY (`articles_idarticles`,`rubriques_idrubriques`),
                                                        KEY `fk_articles_has_rubriques_rubriques1_idx` (`rubriques_idrubriques`),
                                                        KEY `fk_articles_has_rubriques_articles1_idx` (`articles_idarticles`)
) ENGINE=InnoDB DEFAULT CHARSET=utf8;

--
-- Déchargement des données de la table `articles_has_rubriques`
--

INSERT INTO `articles_has_rubriques` (`articles_idarticles`, `rubriques_idrubriques`) VALUES
(3, 1),
(8, 1),
(12, 1),
(18, 1),
(19, 1),
(25, 1),
(26, 1),
(31, 1),
(33, 1),
(40, 1),
(42, 1),
(52, 1),
(74, 1),
(77, 1),
(80, 1),
(99, 1),
(6, 2),
(12, 2),
(13, 2),
(14, 2),
(21, 2),
(26, 2),
(34, 2),
(35, 2),
(45, 2),
(59, 2),
(62, 2),
(65, 2),
(73, 2),
(77, 2),
(88, 2),
(96, 2),
(1, 3),
(4, 3),
(5, 3),
(8, 3),
(31, 3),
(33, 3),
(38, 3),
(42, 3),
(46, 3),
(48, 3),
(55, 3),
(68, 3),
(74, 3),
(79, 3),
(83, 3),
(92, 3),
(94, 3),
(95, 3),
(3, 4),
(5, 4),
(9, 4),
(10, 4),
(17, 4),
(26, 4),
(32, 4),
(40, 4),
(42, 4),
(43, 4),
(47, 4),
(61, 4),
(65, 4),
(69, 4),
(72, 4),
(87, 4),
(88, 4),
(14, 5),
(17, 5),
(56, 5),
(90, 5),
(93, 5),
(95, 5),
(96, 5),
(15, 6),
(20, 6),
(22, 6),
(24, 6),
(26, 6),
(28, 6),
(29, 6),
(35, 6),
(38, 6),
(44, 6),
(47, 6),
(52, 6),
(53, 6),
(54, 6),
(57, 6),
(62, 6),
(75, 6),
(76, 6),
(77, 6),
(82, 6),
(84, 6),
(86, 6),
(90, 6),
(97, 6),
(9, 7),
(16, 7),
(28, 7),
(32, 7),
(40, 7),
(49, 7),
(67, 7),
(68, 7),
(74, 7),
(75, 7),
(87, 7),
(88, 7),
(92, 7),
(3, 8),
(6, 8),
(13, 8),
(17, 8),
(30, 8),
(31, 8),
(40, 8),
(45, 8),
(62, 8),
(67, 8),
(76, 8),
(79, 8),
(80, 8),
(86, 8),
(87, 8),
(93, 8),
(11, 9),
(23, 9),
(26, 9),
(29, 9),
(39, 9),
(41, 9),
(42, 9),
(48, 9),
(58, 9),
(63, 9),
(67, 9),
(77, 9),
(100, 9),
(21, 10),
(28, 10),
(30, 10),
(38, 10),
(43, 10),
(59, 10),
(64, 10),
(75, 10),
(79, 10),
(80, 10),
(81, 10),
(96, 10),
(3, 11),
(18, 11),
(21, 11),
(22, 11),
(25, 11),
(29, 11),
(30, 11),
(42, 11),
(46, 11),
(50, 11),
(61, 11),
(71, 11),
(74, 11),
(77, 11),
(80, 11),
(81, 11),
(95, 11),
(6, 12),
(8, 12),
(9, 12),
(16, 12),
(22, 12),
(34, 12),
(36, 12),
(39, 12),
(40, 12),
(45, 12),
(75, 12),
(76, 12),
(77, 12),
(79, 12),
(81, 12),
(83, 12),
(90, 12),
(3, 13),
(12, 13),
(33, 13),
(35, 13),
(39, 13),
(44, 13),
(47, 13),
(58, 13),
(59, 13),
(60, 13),
(65, 13),
(68, 13),
(73, 13),
(75, 13),
(82, 13),
(86, 13),
(4, 14),
(11, 14),
(14, 14),
(53, 14),
(58, 14),
(61, 14),
(66, 14),
(71, 14),
(72, 14),
(80, 14),
(91, 14),
(96, 14),
(98, 14),
(12, 15),
(16, 15),
(27, 15),
(36, 15),
(40, 15),
(47, 15),
(56, 15),
(60, 15),
(71, 15),
(78, 15),
(84, 15),
(85, 15),
(86, 15),
(4, 16),
(5, 16),
(6, 16),
(28, 16),
(29, 16),
(35, 16),
(39, 16),
(41, 16),
(43, 16),
(48, 16),
(62, 16),
(77, 16),
(87, 16),
(5, 17),
(7, 17),
(9, 17),
(11, 17),
(15, 17),
(25, 17),
(53, 17),
(64, 17),
(66, 17),
(71, 17),
(15, 18),
(18, 18),
(20, 18),
(36, 18),
(39, 18),
(47, 18),
(60, 18),
(75, 18),
(82, 18),
(88, 18),
(1, 19),
(2, 19),
(7, 19),
(9, 19),
(14, 19),
(33, 19),
(36, 19),
(41, 19),
(48, 19),
(53, 19),
(58, 19),
(83, 19),
(86, 19),
(92, 19),
(95, 19),
(98, 19),
(12, 20),
(16, 20),
(31, 20),
(38, 20),
(39, 20),
(65, 20),
(66, 20),
(76, 20),
(77, 20),
(79, 20),
(92, 20),
(97, 20),
(99, 20),
(100, 20),
(5, 21),
(8, 21),
(15, 21),
(16, 21),
(30, 21),
(49, 21),
(60, 21),
(65, 21),
(78, 21),
(85, 21),
(95, 21),
(96, 21),
(4, 22),
(16, 22),
(22, 22),
(24, 22),
(30, 22),
(45, 22),
(46, 22),
(53, 22),
(68, 22),
(71, 22),
(74, 22),
(80, 22),
(91, 22),
(92, 22),
(99, 22),
(100, 22);

-- --------------------------------------------------------

--
-- Structure de la table `rubriques`
--

DROP TABLE IF EXISTS `rubriques`;
CREATE TABLE IF NOT EXISTS `rubriques` (
                                           `idrubriques` int(10) UNSIGNED NOT NULL AUTO_INCREMENT,
                                           `rubriques_name` varchar(120) NOT NULL,
                                           `rubriques_text` varchar(500) DEFAULT NULL,
                                           `rubriques_order` smallint(5) UNSIGNED DEFAULT '0',
                                           `rubriques_idrubriques` int(10) UNSIGNED DEFAULT '0',
                                           PRIMARY KEY (`idrubriques`),
                                           KEY `fk_rubriques_rubriques_idx` (`rubriques_idrubriques`)
) ENGINE=InnoDB AUTO_INCREMENT=23 DEFAULT CHARSET=utf8;

--
-- Déchargement des données de la table `rubriques`
--

INSERT INTO `rubriques` (`idrubriques`, `rubriques_name`, `rubriques_text`, `rubriques_order`, `rubriques_idrubriques`) VALUES
(1, 'Belgique', 'La Belgique est un pays de l\'Europe de l\'Ouest réputé pour ses villes médiévales, son architecture Renaissance et pour accueillir le siège de l\'Union européenne et de l\'OTAN. Le pays comprend des régions distinctes, notamment la Flandre néerlandophone au nord, la Wallonie francophone au sud et une communauté germanophone à l\'est. Bruxelles, la capitale bilingue, offre des maisons des corporations richement ornées sur la Grand-Place et d\'élégants bâtiments art nouveau.', 0, 0),
(2, 'France', 'La France, pays de l\'Europe occidentale, compte des villes médiévales, des villages alpins et des plages. Paris, sa capitale, est célèbre pour ses maisons de mode, ses musées d\'art classique, dont celui du Louvre, et ses monuments comme la Tour Eiffel. Le pays est également réputé pour ses vins et sa cuisine raffinée. Les peintures rupestres des grottes de Lascaux, le théâtre romain de Lyon et l\'immense château de Versailles témoignent de sa riche histoire.', 1, 0),
(3, 'Luxembourg', 'Le Luxembourg est un petit pays européen bordé par la Belgique, la France et l\'Allemagne. Il est essentiellement rural, avec la forêt dense des Ardennes et des parcs naturels au nord, les gorges rocheuses de la région Mullerthal à l\'est et la vallée de la Moselle au sud-est. Luxembourg, la capitale, est réputée pour sa vieille ville médiévale fortifiée perchée sur des falaises abruptes.', 2, 0),
(4, 'Région flamande', 'Le territoire de la Région flamande correspond au territoire de la région de langue néerlandaise. La superficie de la Région flamande est de 13 522 km2 ce qui représente 44,31 % du territoire belge.', 2, 1),
(5, 'Région wallonne', 'La Région wallonne, communément appelée Wallonie, est l\'une des trois régions de la Belgique. Elle est constituée, comme le dispose l\'article 5 de la Constitution belge, des provinces du Brabant wallon, de Hainaut, de Liège, de Luxembourg et de Namur.', 1, 1),
(6, 'Région de Bruxelles-Capitale', 'La Région de Bruxelles-Capitale ne doit pas être confondue avec la Ville de Bruxelles, qui n\'est qu\'une des 19 communes de la région de Bruxelles-Capitale, ni avec la région bilingue de Bruxelles-Capitale (article 4 de la Constitution belge).', 0, 1),
(7, 'Anderlecht', NULL, 0, 6),
(8, 'Auderghem', NULL, 1, 6),
(9, 'Berchem-Sainte-Agathe', NULL, 2, 6),
(10, 'Ville de Bruxelles', NULL, 3, 6),
(11, 'Anvers', NULL, 0, 4),
(12, 'Limbourg', NULL, 1, 4),
(13, 'Flandre-Orientale', NULL, 2, 4),
(14, 'Brabant flamand', NULL, 3, 4),
(15, 'Flandre-Occidentale', NULL, 4, 4),
(16, 'Brabant wallon', NULL, 0, 5),
(17, 'Hainaut', NULL, 1, 5),
(18, 'Liège', NULL, 2, 5),
(19, 'Luxembourg', NULL, 3, 5),
(20, 'Namur', NULL, 4, 5),
(21, 'Paris', NULL, 0, 2),
(22, 'Province', NULL, 1, 2);

--
-- Contraintes pour les tables déchargées
--

--
-- Contraintes pour la table `articles_has_rubriques`
--
ALTER TABLE `articles_has_rubriques`
    ADD CONSTRAINT `fk_articles_has_rubriques_articles1` FOREIGN KEY (`articles_idarticles`) REFERENCES `articles` (`idarticles`) ON DELETE CASCADE ON UPDATE NO ACTION,
    ADD CONSTRAINT `fk_articles_has_rubriques_rubriques1` FOREIGN KEY (`rubriques_idrubriques`) REFERENCES `rubriques` (`idrubriques`) ON DELETE CASCADE ON UPDATE NO ACTION;

--
-- Contraintes pour la table `rubriques`
--
ALTER TABLE `rubriques`
    ADD CONSTRAINT `fk_rubriques_rubriques` FOREIGN KEY (`rubriques_idrubriques`) REFERENCES `rubriques` (`idrubriques`) ON DELETE NO ACTION ON UPDATE NO ACTION;
SET FOREIGN_KEY_CHECKS=1;
COMMIT;
